{"stats":{"minecraft:dropped":{"minecraft:wooden_pickaxe":1,"minecraft:spruce_sapling":6},"minecraft:custom":{"minecraft:time_since_rest":16875,"minecraft:crouch_one_cm":1356,"minecraft:play_time":16875,"minecraft:sprint_one_cm":4245,"minecraft:walk_one_cm":35539,"minecraft:sneak_time":612,"minecraft:drop":6,"minecraft:jump":55,"minecraft:time_since_death":16875,"minecraft:leave_game":1,"minecraft:total_world_time":16875,"minecraft:interact_with_crafting_table":4,"minecraft:fall_one_cm":1639,"minecraft:fly_one_cm":2812},"minecraft:mined":{"minecraft:coal_ore":37,"minecraft:iron_ore":1,"minecraft:stone":37,"minecraft:spruce_leaves":1,"minecraft:spruce_log":7},"minecraft:used":{"minecraft:crafting_table":1,"minecraft:stone_pickaxe":72,"minecraft:wooden_pickaxe":3},"minecraft:picked_up":{"minecraft:raw_iron":1,"minecraft:spruce_sapling":6,"minecraft:spruce_log":7,"minecraft:coal":37,"minecraft:cobblestone":37},"minecraft:crafted":{"minecraft:crafting_table":1,"minecraft:spruce_planks":28,"minecraft:stick":4,"minecraft:wooden_pickaxe":1,"minecraft:stone_pickaxe":1}},"DataVersion":3465}