{"stats":{"minecraft:picked_up":{"minecraft:wooden_axe":1,"minecraft:crafting_table":3,"minecraft:acacia_log":19,"luminousworld:savannah_soil":2,"minecraft:dirt":9,"minecraft:stone_sword":1,"minecraft:cobblestone":34},"minecraft:mined":{"luminousworld:savannah_soil":2,"minecraft:acacia_leaves":1,"minecraft:crafting_table":3,"minecraft:grass":6,"minecraft:acacia_log":20,"minecraft:grass_block":4,"minecraft:dirt":6,"minecraft:stone":35,"luminousworld:savanna_grass_2":2},"minecraft:dropped":{"minecraft:stone_sword":1,"alexsmobs:animal_dictionary":1,"minecraft:wooden_axe":1,"minecraft:acacia_log":1},"minecraft:crafted":{"minecraft:wooden_sword":1,"minecraft:wooden_shovel":1,"minecraft:stone_shovel":1,"minecraft:crafting_table":2,"minecraft:stick":32,"minecraft:wooden_pickaxe":1,"minecraft:stone_pickaxe":1,"minecraft:wooden_axe":1,"minecraft:stone_sword":11,"minecraft:acacia_planks":24,"minecraft:stone_axe":1},"minecraft:used":{"minecraft:wooden_axe":14,"minecraft:wooden_pickaxe":42,"minecraft:wooden_shovel":4,"minecraft:dirt":5,"minecraft:crafting_table":4},"minecraft:custom":{"minecraft:time_since_rest":8518,"minecraft:sprint_one_cm":26578,"minecraft:damage_taken":80,"minecraft:walk_one_cm":21182,"minecraft:drop":4,"minecraft:interact_with_crafting_table":4,"minecraft:fly_one_cm":13142,"minecraft:crouch_one_cm":118,"minecraft:play_time":8518,"minecraft:sneak_time":20,"minecraft:jump":93,"minecraft:time_since_death":8518,"minecraft:total_world_time":8518,"minecraft:fall_one_cm":1641}},"DataVersion":3465}